timestamp,component,model_or_tool,tokens_in,tokens_out,latency_ms,cost_usd,conversation_id
2024-11-27T10:15:32+00:00,system1,gpt-4o-mini,1432,512,824.3,0.0079,conv-us-001
2024-11-27T10:16:04+00:00,scheduler,gpt-4o,612,148,932.1,0.0039,conv-us-001
2024-11-27T10:20:11+00:00,system2,o4-mini,988,403,715.6,0.0041,conv-lb-004
2025-11-29T14:12:02.853628+00:00,system1,o4-mini,278,301,8038.163,0.000222,3d052240-3cb7-4fd1-bdbb-d57bc46b841f
2025-11-29T14:12:06.562319+00:00,system1,gpt-4o-mini-2024-07-18,,,2676.044,,
2025-11-29T14:12:11.769808+00:00,system1,gpt-4o-mini-2024-07-18,,,4639.879,,
2025-11-29T14:12:56.151399+00:00,system1,o4-mini,314,401,5085.779,0.000288,3d052240-3cb7-4fd1-bdbb-d57bc46b841f
2025-11-29T14:12:59.698791+00:00,system1,gpt-4o-mini-2024-07-18,,,2498.146,,
2025-11-29T14:13:18.388722+00:00,apify,BvepfniODI2AixuNN,,,18508.64,,
2025-11-29T14:13:20.249897+00:00,google_maps,geocode,,,1349.103,,
2025-11-29T14:13:20.662578+00:00,google_maps,places_gym,,,241.28,,
2025-11-29T14:13:21.091510+00:00,google_maps,places_school,,,253.817,,
2025-11-29T14:13:21.521751+00:00,google_maps,places_university,,,219.705,,
2025-11-29T14:13:21.969699+00:00,google_maps,places_park,,,265.934,,
2025-11-29T14:13:22.325445+00:00,google_maps,places_shopping_mall,,,188.045,,
2025-11-29T14:13:22.685349+00:00,google_maps,places_hospital,,,185.474,,
2025-11-29T14:13:23.237873+00:00,google_maps,places_beach,,,378.942,,
2025-11-29T14:13:23.679192+00:00,google_maps,geocode,,,274.233,,
2025-11-29T14:13:24.132872+00:00,google_maps,places_gym,,,286.718,,
2025-11-29T14:13:24.675464+00:00,google_maps,places_school,,,372.928,,
2025-11-29T14:13:25.105396+00:00,google_maps,places_university,,,250.28,,
2025-11-29T14:13:25.563850+00:00,google_maps,places_park,,,276.376,,
2025-11-29T14:13:26.043495+00:00,google_maps,places_shopping_mall,,,280.492,,
2025-11-29T14:13:26.486094+00:00,google_maps,places_hospital,,,271.873,,
2025-11-29T14:13:27.012912+00:00,google_maps,places_beach,,,321.407,,
2025-11-29T14:13:27.410758+00:00,google_maps,geocode,,,225.933,,
2025-11-29T14:13:27.819629+00:00,google_maps,geocode,,,237.805,,
2025-11-29T14:13:28.280684+00:00,google_maps,places_gym,,,290.342,,
2025-11-29T14:13:28.778071+00:00,google_maps,places_school,,,310.25,,
2025-11-29T14:13:29.245062+00:00,google_maps,places_university,,,285.348,,
2025-11-29T14:13:29.809206+00:00,google_maps,places_park,,,395.152,,
2025-11-29T14:13:30.334053+00:00,google_maps,places_shopping_mall,,,312.066,,
2025-11-29T14:13:30.792927+00:00,google_maps,places_hospital,,,282.274,,
2025-11-29T14:13:31.310695+00:00,google_maps,places_beach,,,323.585,,
2025-11-29T14:13:31.762129+00:00,google_maps,geocode,,,243.404,,
2025-11-29T14:13:32.138911+00:00,google_maps,geocode,,,190.1,,
2025-11-29T14:13:32.576065+00:00,google_maps,geocode,,,239.425,,
2025-11-29T14:13:33.049503+00:00,google_maps,places_gym,,,281.814,,
2025-11-29T14:13:33.530076+00:00,google_maps,places_school,,,282.839,,
2025-11-29T14:13:34.166493+00:00,google_maps,places_university,,,462.504,,
2025-11-29T14:13:34.639010+00:00,google_maps,places_park,,,286.182,,
2025-11-29T14:13:35.190341+00:00,google_maps,places_shopping_mall,,,354.616,,
2025-11-29T14:13:35.629158+00:00,google_maps,places_hospital,,,248.395,,
2025-11-29T14:13:36.189704+00:00,google_maps,places_beach,,,358.242,,
2025-11-29T14:13:36.613409+00:00,google_maps,geocode,,,241.404,,
2025-11-29T14:13:37.033843+00:00,google_maps,geocode,,,227.367,,
2025-11-29T14:13:37.654143+00:00,google_maps,places_gym,,,441.493,,
2025-11-29T14:13:38.191514+00:00,google_maps,places_school,,,329.334,,
2025-11-29T14:13:38.662588+00:00,google_maps,places_university,,,287.123,,
2025-11-29T14:13:39.179000+00:00,google_maps,places_park,,,300.229,,
2025-11-29T14:13:40.043093+00:00,google_maps,places_shopping_mall,,,287.963,,
2025-11-29T14:13:40.537554+00:00,google_maps,places_hospital,,,305.242,,
2025-11-29T14:13:41.128166+00:00,google_maps,places_beach,,,398.292,,
2025-11-29T14:13:41.516849+00:00,google_maps,geocode,,,204.809,,
2025-11-29T14:13:41.872517+00:00,google_maps,places_gym,,,176.443,,
2025-11-29T14:13:42.278938+00:00,google_maps,places_school,,,170.239,,
2025-11-29T14:13:42.618829+00:00,google_maps,places_university,,,167.859,,
2025-11-29T14:13:43.026382+00:00,google_maps,places_park,,,223.623,,
2025-11-29T14:13:43.475346+00:00,google_maps,places_shopping_mall,,,275.858,,
2025-11-29T14:13:43.819325+00:00,google_maps,places_hospital,,,167.972,,
2025-11-29T14:13:44.255616+00:00,google_maps,places_beach,,,257.174,,
2025-11-29T14:13:44.640832+00:00,google_maps,geocode,,,217.07,,
2025-11-29T14:13:45.136872+00:00,google_maps,places_gym,,,296.691,,
2025-11-29T14:13:45.580417+00:00,google_maps,places_school,,,263.907,,
2025-11-29T14:13:46.023715+00:00,google_maps,places_university,,,264.269,,
2025-11-29T14:13:46.530964+00:00,google_maps,places_park,,,295.063,,
2025-11-29T14:13:47.006133+00:00,google_maps,places_shopping_mall,,,298.568,,
2025-11-29T14:13:47.499014+00:00,google_maps,places_hospital,,,282.474,,
2025-11-29T14:13:48.190000+00:00,google_maps,places_beach,,,498.742,,
2025-11-29T14:13:48.572397+00:00,google_maps,geocode,,,199.339,,
2025-11-29T14:13:49.075278+00:00,google_maps,places_gym,,,294.908,,
2025-11-29T14:13:49.570950+00:00,google_maps,places_school,,,305.82,,
2025-11-29T14:13:50.020546+00:00,google_maps,places_university,,,230.398,,
2025-11-29T14:13:50.538721+00:00,google_maps,places_park,,,345.53,,
2025-11-29T14:13:50.990481+00:00,google_maps,places_shopping_mall,,,277.551,,
2025-11-29T14:13:51.465744+00:00,google_maps,places_hospital,,,285.873,,
2025-11-29T14:13:51.959550+00:00,google_maps,places_beach,,,320.385,,
2025-11-29T14:13:52.376297+00:00,google_maps,geocode,,,230.649,,
2025-11-29T14:13:52.790334+00:00,google_maps,places_gym,,,236.862,,
2025-11-29T14:13:53.227391+00:00,google_maps,places_school,,,265.575,,
2025-11-29T14:13:53.664934+00:00,google_maps,places_university,,,249.856,,
2025-11-29T14:13:54.093533+00:00,google_maps,places_park,,,245.219,,
2025-11-29T14:13:54.473981+00:00,google_maps,places_shopping_mall,,,209.635,,
2025-11-29T14:13:54.869144+00:00,google_maps,places_hospital,,,213.151,,
2025-11-29T14:13:55.349062+00:00,google_maps,places_beach,,,295.477,,
2025-11-29T14:13:55.763979+00:00,google_maps,geocode,,,235.092,,
2025-11-29T14:13:56.252490+00:00,google_maps,places_gym,,,312.158,,
2025-11-29T14:13:56.838868+00:00,google_maps,places_school,,,381.018,,
2025-11-29T14:13:57.317819+00:00,google_maps,places_university,,,283.211,,
2025-11-29T14:13:57.806295+00:00,google_maps,places_park,,,308.647,,
2025-11-29T14:13:58.252812+00:00,google_maps,places_shopping_mall,,,259.202,,
2025-11-29T14:13:58.671307+00:00,google_maps,places_hospital,,,231.942,,
2025-11-29T14:13:59.158325+00:00,google_maps,places_beach,,,308.639,,
2025-11-29T14:13:59.863691+00:00,google_maps,geocode,,,191.339,,
2025-11-29T14:14:00.219207+00:00,google_maps,places_gym,,,174.588,,
2025-11-29T14:14:00.625079+00:00,google_maps,places_school,,,231.046,,
2025-11-29T14:14:01.055065+00:00,google_maps,places_university,,,248.026,,
2025-11-29T14:14:01.405431+00:00,google_maps,places_park,,,169.95,,
2025-11-29T14:14:01.809666+00:00,google_maps,places_shopping_mall,,,218.932,,
2025-11-29T14:14:02.158411+00:00,google_maps,places_hospital,,,166.565,,
2025-11-29T14:14:02.608116+00:00,google_maps,places_beach,,,259.066,,
2025-11-29T14:14:02.977625+00:00,google_maps,geocode,,,187.081,,
2025-11-29T14:14:03.426876+00:00,google_maps,places_gym,,,267.066,,
2025-11-29T14:14:03.881368+00:00,google_maps,places_school,,,267.138,,
2025-11-29T14:14:04.338967+00:00,google_maps,places_university,,,276.351,,
2025-11-29T14:14:04.779678+00:00,google_maps,places_park,,,267.983,,
2025-11-29T14:14:05.239344+00:00,google_maps,places_shopping_mall,,,286.548,,
2025-11-29T14:14:05.681709+00:00,google_maps,places_hospital,,,258.812,,
2025-11-29T14:14:06.144172+00:00,google_maps,places_beach,,,290.774,,
2025-11-29T14:14:06.560814+00:00,google_maps,geocode,,,239.35,,
2025-11-29T14:14:06.985733+00:00,google_maps,places_gym,,,256.912,,
2025-11-29T14:14:07.497765+00:00,google_maps,places_school,,,340.341,,
2025-11-29T14:14:07.956434+00:00,google_maps,places_university,,,285.648,,
2025-11-29T14:14:08.382450+00:00,google_maps,places_park,,,237.002,,
2025-11-29T14:14:09.152450+00:00,google_maps,places_shopping_mall,,,586.424,,
2025-11-29T14:14:09.542061+00:00,google_maps,places_hospital,,,209.24,,
2025-11-29T14:14:10.021204+00:00,google_maps,places_beach,,,301.595,,
2025-11-29T14:14:10.456497+00:00,google_maps,geocode,,,246.103,,
2025-11-29T14:14:10.874494+00:00,google_maps,places_gym,,,240.596,,
2025-11-29T14:14:11.362473+00:00,google_maps,places_school,,,312.921,,
2025-11-29T14:14:11.775534+00:00,google_maps,places_university,,,226.532,,
2025-11-29T14:14:12.218416+00:00,google_maps,places_park,,,266.161,,
2025-11-29T14:14:12.653595+00:00,google_maps,places_shopping_mall,,,246.585,,
2025-11-29T14:14:13.061894+00:00,google_maps,places_hospital,,,229.874,,
2025-11-29T14:14:13.531727+00:00,google_maps,places_beach,,,301.313,,
2025-11-29T14:14:13.903392+00:00,google_maps,geocode,,,193.889,,
2025-11-29T14:14:14.304722+00:00,google_maps,places_gym,,,211.727,,
2025-11-29T14:14:14.741940+00:00,google_maps,places_school,,,254.117,,
2025-11-29T14:14:15.186774+00:00,google_maps,places_university,,,240.916,,
2025-11-29T14:14:15.763602+00:00,google_maps,places_park,,,230.528,,
2025-11-29T14:14:16.212771+00:00,google_maps,places_shopping_mall,,,248.672,,
2025-11-29T14:14:16.648614+00:00,google_maps,places_hospital,,,248.299,,
2025-11-29T14:14:17.128723+00:00,google_maps,places_beach,,,292.976,,
2025-11-29T14:14:17.612844+00:00,google_maps,geocode,,,277.823,,
2025-11-29T14:14:18.112616+00:00,google_maps,places_gym,,,312.256,,
2025-11-29T14:14:18.664032+00:00,google_maps,places_school,,,359.302,,
2025-11-29T14:14:19.074094+00:00,google_maps,places_university,,,233.116,,
2025-11-29T14:14:19.500275+00:00,google_maps,places_park,,,253.593,,
2025-11-29T14:14:19.954760+00:00,google_maps,places_shopping_mall,,,264.054,,
2025-11-29T14:14:20.362818+00:00,google_maps,places_hospital,,,241.814,,
2025-11-29T14:14:20.854526+00:00,google_maps,places_beach,,,313.578,,
2025-11-29T14:14:21.233477+00:00,google_maps,geocode,,,193.204,,
2025-11-29T14:14:21.678947+00:00,google_maps,places_gym,,,268.914,,
2025-11-29T14:14:22.138210+00:00,google_maps,places_school,,,274.662,,
2025-11-29T14:14:22.596308+00:00,google_maps,places_university,,,260.985,,
2025-11-29T14:14:23.081521+00:00,google_maps,places_park,,,295.243,,
2025-11-29T14:14:23.497941+00:00,google_maps,places_shopping_mall,,,229.456,,
2025-11-29T14:14:23.895888+00:00,google_maps,places_hospital,,,225.686,,
2025-11-29T14:14:24.381224+00:00,google_maps,places_beach,,,304.886,,
2025-11-29T14:14:24.732817+00:00,google_maps,geocode,,,176.96,,
2025-11-29T14:14:25.200252+00:00,google_maps,geocode,,,280.981,,
2025-11-29T14:14:25.674065+00:00,google_maps,places_gym,,,281.835,,
2025-11-29T14:14:26.167784+00:00,google_maps,places_school,,,272.341,,
2025-11-29T14:14:26.544247+00:00,google_maps,places_university,,,211.546,,
2025-11-29T14:14:26.966896+00:00,google_maps,places_park,,,243.173,,
2025-11-29T14:14:27.387850+00:00,google_maps,places_shopping_mall,,,239.968,,
2025-11-29T14:14:27.969323+00:00,google_maps,places_hospital,,,394.962,,
2025-11-29T14:14:28.453387+00:00,google_maps,places_beach,,,292.913,,
2025-11-29T14:14:28.803350+00:00,google_maps,geocode,,,171.635,,
2025-11-29T14:14:29.170747+00:00,google_maps,geocode,,,185.837,,
2025-11-29T14:14:29.588994+00:00,google_maps,places_gym,,,239.881,,
2025-11-29T14:14:30.079759+00:00,google_maps,places_school,,,300.316,,
2025-11-29T14:14:30.479136+00:00,google_maps,places_university,,,220.589,,
2025-11-29T14:14:30.927548+00:00,google_maps,places_park,,,256.69,,
2025-11-29T14:14:31.334854+00:00,google_maps,places_shopping_mall,,,227.009,,
2025-11-29T14:14:31.769353+00:00,google_maps,places_hospital,,,243.424,,
2025-11-29T14:14:32.333802+00:00,google_maps,places_beach,,,383.376,,
2025-11-29T14:14:32.686944+00:00,google_maps,geocode,,,172.733,,
2025-11-29T14:14:33.123241+00:00,google_maps,places_gym,,,262.428,,
2025-11-29T14:14:33.738001+00:00,google_maps,places_school,,,356.699,,
2025-11-29T14:14:34.124150+00:00,google_maps,places_university,,,200.502,,
2025-11-29T14:14:34.565408+00:00,google_maps,places_park,,,244.849,,
2025-11-29T14:14:34.968775+00:00,google_maps,places_shopping_mall,,,228.147,,
2025-11-29T14:14:35.370924+00:00,google_maps,places_hospital,,,221.243,,
2025-11-29T14:14:35.825185+00:00,google_maps,places_beach,,,282.366,,
2025-11-29T14:14:36.219736+00:00,google_maps,geocode,,,222.789,,
2025-11-29T14:14:36.647762+00:00,google_maps,places_gym,,,255.532,,
2025-11-29T14:14:37.150746+00:00,google_maps,places_school,,,316.095,,
2025-11-29T14:14:37.545138+00:00,google_maps,places_university,,,224.317,,
2025-11-29T14:14:37.992869+00:00,google_maps,places_park,,,281.612,,
2025-11-29T14:14:38.386941+00:00,google_maps,places_shopping_mall,,,225.344,,
2025-11-29T14:14:38.734770+00:00,google_maps,places_hospital,,,178.161,,
2025-11-29T14:14:39.193436+00:00,google_maps,places_beach,,,286.329,,
2025-11-29T14:14:39.545276+00:00,google_maps,geocode,,,193.719,,
2025-11-29T14:14:39.958464+00:00,google_maps,geocode,,,246.309,,
2025-11-29T14:14:40.411555+00:00,google_maps,places_gym,,,287.47,,
2025-11-29T14:14:40.843360+00:00,google_maps,places_school,,,264.647,,
2025-11-29T14:14:41.225797+00:00,google_maps,places_university,,,217.337,,
2025-11-29T14:14:41.663379+00:00,google_maps,places_park,,,242.505,,
2025-11-29T14:14:42.098624+00:00,google_maps,places_shopping_mall,,,266.189,,
2025-11-29T14:14:42.520963+00:00,google_maps,places_hospital,,,251.982,,
2025-11-29T14:14:43.012306+00:00,google_maps,places_beach,,,314.293,,
2025-11-29T14:14:43.389593+00:00,google_maps,geocode,,,209.06,,
2025-11-29T14:14:43.842565+00:00,google_maps,places_gym,,,280.648,,
2025-11-29T14:14:44.391589+00:00,google_maps,places_school,,,368.978,,
2025-11-29T14:14:44.816365+00:00,google_maps,places_university,,,248.656,,
2025-11-29T14:14:45.245700+00:00,google_maps,places_park,,,261.783,,
2025-11-29T14:14:45.666534+00:00,google_maps,places_shopping_mall,,,248.632,,
2025-11-29T14:14:46.108991+00:00,google_maps,places_hospital,,,268.038,,
2025-11-29T14:14:46.668443+00:00,google_maps,places_beach,,,301.82,,
2025-11-29T14:14:47.092042+00:00,google_maps,geocode,,,240.618,,
2025-11-29T14:14:47.526738+00:00,google_maps,places_gym,,,258.755,,
2025-11-29T14:14:47.956076+00:00,google_maps,places_school,,,260.787,,
2025-11-29T14:14:48.340979+00:00,google_maps,places_university,,,204.949,,
2025-11-29T14:14:48.770460+00:00,google_maps,places_park,,,243.971,,
2025-11-29T14:14:49.166245+00:00,google_maps,places_shopping_mall,,,219.489,,
2025-11-29T14:14:49.567305+00:00,google_maps,places_hospital,,,232.528,,
2025-11-29T14:14:50.062395+00:00,google_maps,places_beach,,,308.962,,
2025-11-29T14:14:50.471358+00:00,google_maps,geocode,,,224.099,,
2025-11-29T14:14:50.882610+00:00,google_maps,places_gym,,,239.602,,
2025-11-29T14:14:51.404859+00:00,google_maps,places_school,,,336.159,,
2025-11-29T14:14:51.734895+00:00,google_maps,places_university,,,160.189,,
2025-11-29T14:14:52.149639+00:00,google_maps,places_park,,,234.376,,
2025-11-29T14:14:52.567885+00:00,google_maps,places_shopping_mall,,,254.535,,
2025-11-29T14:14:53.011308+00:00,google_maps,places_hospital,,,264.639,,
2025-11-29T14:14:53.498739+00:00,google_maps,places_beach,,,299.201,,
2025-11-29T14:14:53.860522+00:00,google_maps,geocode,,,187.928,,
2025-11-29T14:14:54.282478+00:00,google_maps,places_gym,,,254.442,,
2025-11-29T14:14:54.805204+00:00,google_maps,places_school,,,341.679,,
2025-11-29T14:14:55.173297+00:00,google_maps,places_university,,,198.959,,
2025-11-29T14:14:55.741832+00:00,google_maps,places_park,,,395.403,,
2025-11-29T14:14:56.092481+00:00,google_maps,places_shopping_mall,,,165.163,,
2025-11-29T14:14:56.439066+00:00,google_maps,places_hospital,,,167.513,,
2025-11-29T14:14:56.909304+00:00,google_maps,places_beach,,,287.892,,
2025-11-29T14:14:57.307744+00:00,google_maps,geocode,,,218.758,,
2025-11-29T14:14:57.778960+00:00,google_maps,places_gym,,,264.984,,
2025-11-29T14:14:58.224578+00:00,google_maps,places_school,,,253.952,,
2025-11-29T14:14:59.013843+00:00,google_maps,places_university,,,239.068,,
2025-11-29T14:14:59.388618+00:00,google_maps,places_park,,,200.59,,
2025-11-29T14:14:59.783286+00:00,google_maps,places_shopping_mall,,,218.432,,
2025-11-29T14:15:00.233724+00:00,google_maps,places_hospital,,,248.213,,
2025-11-29T14:15:00.675815+00:00,google_maps,places_beach,,,259.021,,
2025-11-29T14:15:01.141559+00:00,google_maps,geocode,,,269.571,,
2025-11-29T14:15:01.908668+00:00,google_maps,places_gym,,,255.864,,
2025-11-29T14:15:02.375465+00:00,google_maps,places_school,,,285.339,,
2025-11-29T14:15:02.749904+00:00,google_maps,places_university,,,190.969,,
2025-11-29T14:15:03.124533+00:00,google_maps,places_park,,,199.355,,
2025-11-29T14:15:03.509519+00:00,google_maps,places_shopping_mall,,,205.031,,
2025-11-29T14:15:03.952402+00:00,google_maps,places_hospital,,,251.595,,
2025-11-29T14:15:04.438466+00:00,google_maps,places_beach,,,299.855,,
2025-11-29T14:15:04.865066+00:00,google_maps,geocode,,,246.359,,
2025-11-29T14:15:05.302086+00:00,google_maps,places_gym,,,256.594,,
2025-11-29T14:15:05.693255+00:00,google_maps,places_school,,,207.378,,
2025-11-29T14:15:06.047704+00:00,google_maps,places_university,,,175.552,,
2025-11-29T14:15:06.477890+00:00,google_maps,places_park,,,230.245,,
2025-11-29T14:15:06.895489+00:00,google_maps,places_shopping_mall,,,179.395,,
2025-11-29T14:15:07.242041+00:00,google_maps,places_hospital,,,158.821,,
2025-11-29T14:15:07.689300+00:00,google_maps,places_beach,,,230.087,,
2025-11-29T14:15:08.067569+00:00,google_maps,geocode,,,196.66,,
2025-11-29T14:15:08.615170+00:00,google_maps,places_gym,,,343.572,,
2025-11-29T14:15:09.403840+00:00,google_maps,places_school,,,270.96,,
2025-11-29T14:15:09.861048+00:00,google_maps,places_university,,,277.04,,
2025-11-29T14:15:10.353294+00:00,google_maps,places_park,,,312.783,,
2025-11-29T14:15:11.146096+00:00,google_maps,places_shopping_mall,,,266.28,,
2025-11-29T14:15:11.567936+00:00,google_maps,places_hospital,,,231.389,,
2025-11-29T14:15:12.050992+00:00,google_maps,places_beach,,,307.581,,
2025-11-29T14:15:12.486499+00:00,google_maps,geocode,,,240.993,,
2025-11-29T14:15:13.024026+00:00,google_maps,places_gym,,,354.143,,
2025-11-29T14:15:13.497844+00:00,google_maps,places_school,,,292.989,,
2025-11-29T14:15:13.919059+00:00,google_maps,places_university,,,236.204,,
2025-11-29T14:15:14.355122+00:00,google_maps,places_park,,,247.906,,
2025-11-29T14:15:14.799272+00:00,google_maps,places_shopping_mall,,,271.915,,
2025-11-29T14:15:15.231671+00:00,google_maps,places_hospital,,,255.575,,
2025-11-29T14:15:15.714564+00:00,google_maps,places_beach,,,298.142,,
2025-11-29T14:15:16.140762+00:00,google_maps,geocode,,,245.779,,
2025-11-29T14:15:16.576720+00:00,google_maps,places_gym,,,255.043,,
2025-11-29T14:15:17.013482+00:00,google_maps,places_school,,,260.61,,
2025-11-29T14:15:17.457085+00:00,google_maps,places_university,,,252.393,,
2025-11-29T14:15:17.914368+00:00,google_maps,places_park,,,266.643,,
2025-11-29T14:15:18.356045+00:00,google_maps,places_shopping_mall,,,242.924,,
2025-11-29T14:15:18.786270+00:00,google_maps,places_hospital,,,248.981,,
2025-11-29T14:15:19.456384+00:00,google_maps,places_beach,,,485.291,,
2025-11-29T14:15:19.871258+00:00,google_maps,geocode,,,238.082,,
2025-11-29T14:15:20.362246+00:00,google_maps,places_gym,,,299.624,,
2025-11-29T14:15:20.849343+00:00,google_maps,places_school,,,292.51,,
2025-11-29T14:15:21.271729+00:00,google_maps,places_university,,,248.394,,
2025-11-29T14:15:21.745701+00:00,google_maps,places_park,,,293.112,,
2025-11-29T14:15:22.185506+00:00,google_maps,places_shopping_mall,,,255.484,,
2025-11-29T14:15:22.589462+00:00,google_maps,places_hospital,,,236.158,,
2025-11-29T14:15:23.098625+00:00,google_maps,places_beach,,,329.142,,
2025-11-29T14:15:42.713903+00:00,system1,gpt-4o-mini-2024-07-18,,,19038.43,,
2025-11-29T14:21:09.959519+00:00,system1,o4-mini,548,309,4956.069,0.000268,3d052240-3cb7-4fd1-bdbb-d57bc46b841f
2025-11-29T14:21:14.044435+00:00,system1,gpt-4o-mini,492,84,3539.814,0.000124,3d052240-3cb7-4fd1-bdbb-d57bc46b841f
2025-11-29T14:25:49.208949+00:00,system2,o4-mini,278,173,13246.946,0.000145,0116fa0c-1158-4640-97ad-37306dd98e11
2025-11-29T14:25:54.902694+00:00,system2,gpt-4o-mini-2024-07-18,,,4379.793,,
2025-11-29T14:25:59.691507+00:00,system2,gpt-4o-mini-2024-07-18,,,4321.123,,
2025-11-29T14:26:55.171563+00:00,system2,o4-mini,301,324,4511.235,0.00024,0116fa0c-1158-4640-97ad-37306dd98e11
2025-11-29T14:26:57.939362+00:00,system2,gpt-4o-mini-2024-07-18,,,1766.805,,
2025-11-29T14:26:58.941183+00:00,google_maps,geocode,,,787.999,,
2025-11-29T14:26:59.709104+00:00,google_maps,places_gym,,,584.042,,
2025-11-29T14:27:00.168658+00:00,google_maps,places_school,,,282.41,,
2025-11-29T14:27:00.630221+00:00,google_maps,places_university,,,288.862,,
2025-11-29T14:27:01.074608+00:00,google_maps,places_park,,,268.693,,
2025-11-29T14:27:01.548964+00:00,google_maps,places_shopping_mall,,,278.351,,
2025-11-29T14:27:01.999460+00:00,google_maps,places_hospital,,,278.105,,
2025-11-29T14:27:02.468672+00:00,google_maps,places_beach,,,294.485,,
2025-11-29T14:27:02.859402+00:00,google_maps,geocode,,,205.022,,
2025-11-29T14:27:03.307823+00:00,google_maps,places_gym,,,256.072,,
2025-11-29T14:27:03.731022+00:00,google_maps,places_school,,,259.33,,
2025-11-29T14:27:04.163484+00:00,google_maps,places_university,,,241.123,,
2025-11-29T14:27:04.617442+00:00,google_maps,places_park,,,270.95,,
2025-11-29T14:27:05.048663+00:00,google_maps,places_shopping_mall,,,260.184,,
2025-11-29T14:27:05.475139+00:00,google_maps,places_hospital,,,253.438,,
2025-11-29T14:27:05.932872+00:00,google_maps,places_beach,,,285.488,,
2025-11-29T14:27:06.272542+00:00,google_maps,geocode,,,157.525,,
2025-11-29T14:27:06.651483+00:00,google_maps,places_gym,,,205.501,,
2025-11-29T14:27:07.020101+00:00,google_maps,places_school,,,196.58,,
2025-11-29T14:27:07.414215+00:00,google_maps,places_university,,,221.239,,
2025-11-29T14:27:07.770624+00:00,google_maps,places_park,,,190.404,,
2025-11-29T14:27:08.183658+00:00,google_maps,places_shopping_mall,,,208.012,,
2025-11-29T14:27:08.584689+00:00,google_maps,places_hospital,,,221.828,,
2025-11-29T14:27:08.969779+00:00,google_maps,places_beach,,,208.292,,
2025-11-29T14:27:09.368184+00:00,google_maps,geocode,,,217.162,,
2025-11-29T14:27:09.862304+00:00,google_maps,places_gym,,,285.007,,
2025-11-29T14:27:10.305989+00:00,google_maps,places_school,,,272.585,,
2025-11-29T14:27:10.745066+00:00,google_maps,places_university,,,266.065,,
2025-11-29T14:27:11.171442+00:00,google_maps,places_park,,,261.057,,
2025-11-29T14:27:11.658675+00:00,google_maps,places_shopping_mall,,,301.933,,
2025-11-29T14:27:12.094462+00:00,google_maps,places_hospital,,,263.393,,
2025-11-29T14:27:12.555916+00:00,google_maps,places_beach,,,287.075,,
2025-11-29T14:27:12.977162+00:00,google_maps,geocode,,,234.605,,
2025-11-29T14:27:13.404433+00:00,google_maps,places_gym,,,225.719,,
2025-11-29T14:27:13.789513+00:00,google_maps,places_school,,,212.451,,
2025-11-29T14:27:14.124116+00:00,google_maps,places_university,,,161.221,,
2025-11-29T14:27:14.568166+00:00,google_maps,places_park,,,267.678,,
2025-11-29T14:27:14.984264+00:00,google_maps,places_shopping_mall,,,236.287,,
2025-11-29T14:27:15.365994+00:00,google_maps,places_hospital,,,201.98,,
2025-11-29T14:27:15.812415+00:00,google_maps,places_beach,,,276.395,,
2025-11-29T14:27:16.154814+00:00,google_maps,geocode,,,166.219,,
2025-11-29T14:27:16.555535+00:00,google_maps,places_gym,,,211.415,,
2025-11-29T14:27:16.932423+00:00,google_maps,places_school,,,195.636,,
2025-11-29T14:27:17.315262+00:00,google_maps,places_university,,,194.232,,
2025-11-29T14:27:17.700969+00:00,google_maps,places_park,,,199.233,,
2025-11-29T14:27:18.093802+00:00,google_maps,places_shopping_mall,,,209.282,,
2025-11-29T14:27:18.489442+00:00,google_maps,places_hospital,,,224.224,,
2025-11-29T14:27:18.892775+00:00,google_maps,places_beach,,,215.006,,
2025-11-29T14:27:19.234698+00:00,google_maps,geocode,,,170.579,,
2025-11-29T14:27:19.626113+00:00,google_maps,places_gym,,,208.592,,
2025-11-29T14:27:20.003246+00:00,google_maps,places_school,,,195.327,,
2025-11-29T14:27:20.378848+00:00,google_maps,places_university,,,198.022,,
2025-11-29T14:27:20.757679+00:00,google_maps,places_park,,,201.017,,
2025-11-29T14:27:21.139374+00:00,google_maps,places_shopping_mall,,,203.844,,
2025-11-29T14:27:21.537536+00:00,google_maps,places_hospital,,,204.823,,
2025-11-29T14:27:21.915038+00:00,google_maps,places_beach,,,210.396,,
2025-11-29T14:27:22.245431+00:00,google_maps,geocode,,,149.869,,
2025-11-29T14:27:22.631537+00:00,google_maps,places_gym,,,202.47,,
2025-11-29T14:27:23.017647+00:00,google_maps,places_school,,,201.542,,
2025-11-29T14:27:23.376333+00:00,google_maps,places_university,,,191.671,,
2025-11-29T14:27:23.831859+00:00,google_maps,places_park,,,220.255,,
2025-11-29T14:27:24.224134+00:00,google_maps,places_shopping_mall,,,202.378,,
2025-11-29T14:27:24.593153+00:00,google_maps,places_hospital,,,199.023,,
2025-11-29T14:27:24.963219+00:00,google_maps,places_beach,,,199.453,,
2025-11-29T14:27:25.295439+00:00,google_maps,geocode,,,150.815,,
2025-11-29T14:27:25.673599+00:00,google_maps,places_gym,,,197.887,,
2025-11-29T14:27:26.058781+00:00,google_maps,places_school,,,197.799,,
2025-11-29T14:27:26.420076+00:00,google_maps,places_university,,,189.923,,
2025-11-29T14:27:26.781729+00:00,google_maps,places_park,,,186.721,,
2025-11-29T14:27:27.157359+00:00,google_maps,places_shopping_mall,,,198.557,,
2025-11-29T14:27:27.553963+00:00,google_maps,places_hospital,,,222.135,,
2025-11-29T14:27:27.932372+00:00,google_maps,places_beach,,,205.234,,
2025-11-29T14:27:28.282842+00:00,google_maps,geocode,,,166.726,,
2025-11-29T14:27:28.634456+00:00,google_maps,places_gym,,,171.657,,
2025-11-29T14:27:28.988284+00:00,google_maps,places_school,,,169.96,,
2025-11-29T14:27:29.336935+00:00,google_maps,places_university,,,163.715,,
2025-11-29T14:27:29.695405+00:00,google_maps,places_park,,,185.761,,
2025-11-29T14:27:30.047048+00:00,google_maps,places_shopping_mall,,,172.15,,
2025-11-29T14:27:30.399505+00:00,google_maps,places_hospital,,,161.865,,
2025-11-29T14:27:30.792801+00:00,google_maps,places_beach,,,204.349,,
2025-11-29T14:27:31.134486+00:00,google_maps,geocode,,,164.361,,
2025-11-29T14:27:31.517918+00:00,google_maps,places_gym,,,175.329,,
2025-11-29T14:27:31.868706+00:00,google_maps,places_school,,,169.751,,
2025-11-29T14:27:32.188211+00:00,google_maps,places_university,,,150.637,,
2025-11-29T14:27:32.536808+00:00,google_maps,places_park,,,179.181,,
2025-11-29T14:27:32.884388+00:00,google_maps,places_shopping_mall,,,171.9,,
2025-11-29T14:27:33.224566+00:00,google_maps,places_hospital,,,164.666,,
2025-11-29T14:27:33.594534+00:00,google_maps,places_beach,,,193.107,,
2025-11-29T14:27:42.917444+00:00,system2,gpt-4o-mini-2024-07-18,,,8812.658,,
